头实体,头类型,关系,尾实体,尾类型,时间(τ),数据集
北京市,地点,成立于_反向,清华大学,组织,1911.0,训练
清华大学,组织,成立于,北京市,地点,1911.0,训练
北京市,地点,位于_反向,清华大学,组织,1911.5,训练
清华大学,组织,位于,北京市,地点,1911.5,训练
深圳市,地点,成立于_反向,华为,组织,1987.0,训练
华为,组织,成立于,深圳市,地点,1987.0,训练
深圳市,地点,位于_反向,华为,组织,1987.5,训练
华为,组织,位于,深圳市,地点,1987.5,训练
杭州市,地点,成立于_反向,网易,组织,1997.0,训练
网易,组织,成立于,杭州市,地点,1997.0,训练
杭州市,地点,位于_反向,网易,组织,1997.5,训练
网易,组织,位于,杭州市,地点,1997.5,训练
北京市,地点,成立于_反向,京东,组织,1998.0,训练
深圳市,地点,成立于_反向,腾讯科技,组织,1998.0,训练
腾讯科技,组织,成立于,深圳市,地点,1998.0,训练
京东,组织,成立于,北京市,地点,1998.0,训练
北京市,地点,位于_反向,京东,组织,1998.5,训练
深圳市,地点,位于_反向,腾讯科技,组织,1998.5,训练
腾讯科技,组织,位于,深圳市,地点,1998.5,训练
京东,组织,位于,北京市,地点,1998.5,训练
上海市,地点,成立于_反向,携程旅行,组织,1999.0,训练
杭州市,地点,成立于_反向,阿里巴巴,组织,1999.0,训练
阿里巴巴,组织,成立于,杭州市,地点,1999.0,训练
携程旅行,组织,成立于,上海市,地点,1999.0,训练
上海市,地点,位于_反向,携程旅行,组织,1999.5,训练
杭州市,地点,位于_反向,阿里巴巴,组织,1999.5,训练
阿里巴巴,组织,位于,杭州市,地点,1999.5,训练
携程旅行,组织,位于,上海市,地点,1999.5,训练
北京市,地点,成立于_反向,百度,组织,2000.0,训练
百度,组织,成立于,北京市,地点,2000.0,训练
北京市,地点,位于_反向,百度,组织,2000.5,训练
百度,组织,位于,北京市,地点,2000.5,训练
产品副总裁,职位,担任职位_反向,李明,人员,2003.0,训练
百度,组织,任职于_反向,李明,人员,2003.0,训练
美团,组织,毕业于_反向,李明,人员,2003.0,训练
理想汽车,组织,毕业于_反向,吴敏,人员,2003.0,训练
李明,人员,任职于,百度,组织,2003.0,训练
李明,人员,担任职位,产品副总裁,职位,2003.0,训练
李明,人员,毕业于,美团,组织,2003.0,训练
吴敏,人员,毕业于,理想汽车,组织,2003.0,训练
产品副总裁,职位,担任职位_反向,孙强,人员,2004.0,训练
产品副总裁,职位,担任职位_反向,马超,人员,2004.0,训练
腾讯科技,组织,任职于_反向,孙强,人员,2004.0,训练
阿里巴巴,组织,毕业于_反向,马超,人员,2004.0,训练
网易,组织,任职于_反向,马超,人员,2004.0,训练
清华大学,组织,毕业于_反向,孙强,人员,2004.0,训练
孙强,人员,任职于,腾讯科技,组织,2004.0,训练
孙强,人员,担任职位,产品副总裁,职位,2004.0,训练
孙强,人员,毕业于,清华大学,组织,2004.0,训练
马超,人员,任职于,网易,组织,2004.0,训练
马超,人员,担任职位,产品副总裁,职位,2004.0,训练
马超,人员,毕业于,阿里巴巴,组织,2004.0,训练
腾讯科技,组织,投资_反向,美团,组织,2005.2,训练
美团,组织,投资,腾讯科技,组织,2005.2,训练
字节跳动,组织,收购_反向,小米集团,组织,2005.3,训练
小米集团,组织,收购,字节跳动,组织,2005.3,训练
小米集团,组织,收购_反向,小鹏汽车,组织,2005.4,训练
小鹏汽车,组织,收购,小米集团,组织,2005.4,训练
小鹏汽车,组织,投资_反向,大疆创新,组织,2005.5,训练
大疆创新,组织,投资,小鹏汽车,组织,2005.5,训练
深圳市,地点,成立于_反向,大疆创新,组织,2006.0,训练
首席科学家,职位,担任职位_反向,刘洋,人员,2006.0,训练
百度,组织,任职于_反向,刘洋,人员,2006.0,训练
大疆创新,组织,成立于,深圳市,地点,2006.0,训练
商汤科技,组织,毕业于_反向,刘洋,人员,2006.0,训练
刘洋,人员,任职于,百度,组织,2006.0,训练
刘洋,人员,担任职位,首席科学家,职位,2006.0,训练
刘洋,人员,毕业于,商汤科技,组织,2006.0,训练
深圳市,地点,位于_反向,大疆创新,组织,2006.5,训练
大疆创新,组织,位于,深圳市,地点,2006.5,训练
华为,组织,收购_反向,小米集团,组织,2006.9,训练
小米集团,组织,收购,华为,组织,2006.9,训练
首席执行官,职位,担任职位_反向,梁军,人员,2007.0,训练
阿里巴巴,组织,投资,小鹏汽车,组织,2007.0,训练
小米集团,组织,毕业于_反向,赵静,人员,2007.0,训练
哔哩哔哩,组织,毕业于_反向,梁军,人员,2007.0,训练
小鹏汽车,组织,投资_反向,阿里巴巴,组织,2007.0,训练
清华大学,组织,任职于_反向,梁军,人员,2007.0,训练
赵静,人员,毕业于,小米集团,组织,2007.0,训练
梁军,人员,任职于,清华大学,组织,2007.0,训练
梁军,人员,担任职位,首席执行官,职位,2007.0,训练
梁军,人员,毕业于,哔哩哔哩,组织,2007.0,训练
理想汽车,组织,收购_反向,商汤科技,组织,2007.2,训练
商汤科技,组织,收购,理想汽车,组织,2007.2,训练
许峰,人员,接任,邓超,人员,2007.2,训练
邓超,人员,接任_反向,许峰,人员,2007.2,训练
字节跳动,组织,合作,小鹏汽车,组织,2007.3,训练
小鹏汽车,组织,合作,字节跳动,组织,2007.3,训练
腾讯科技,组织,收购,携程旅行,组织,2007.4,训练
携程旅行,组织,收购_反向,腾讯科技,组织,2007.4,训练
梁军,人员,接任_反向,冯刚,人员,2007.4,训练
冯刚,人员,接任,梁军,人员,2007.4,训练
京东,组织,收购_反向,商汤科技,组织,2007.5,训练
商汤科技,组织,收购,京东,组织,2007.5,训练
百度,组织,收购,京东,组织,2007.6,训练
京东,组织,收购_反向,百度,组织,2007.6,训练
哔哩哔哩,组织,合作,理想汽车,组织,2007.7,训练
理想汽车,组织,合作,哔哩哔哩,组织,2007.7,训练
京东,组织,合作,美团,组织,2007.8,训练
美团,组织,合作,京东,组织,2007.8,训练
阿里巴巴,组织,收购,小鹏汽车,组织,2008.1,训练
小鹏汽车,组织,收购_反向,阿里巴巴,组织,2008.1,训练
拼多多,组织,合作,滴滴出行,组织,2008.2,训练
滴滴出行,组织,合作,拼多多,组织,2008.2,训练
百度,组织,投资_反向,快手,组织,2008.2,训练
快手,组织,投资,百度,组织,2008.2,训练
商汤科技,组织,收购_反向,清华大学,组织,2008.3,训练
清华大学,组织,收购,商汤科技,组织,2008.3,训练
滴滴出行,组织,合作,哔哩哔哩,组织,2008.4,训练
哔哩哔哩,组织,合作,滴滴出行,组织,2008.4,训练
腾讯科技,组织,投资,清华大学,组织,2008.5,训练
清华大学,组织,投资_反向,腾讯科技,组织,2008.5,训练
蔚来汽车,组织,收购,大疆创新,组织,2008.9,训练
大疆创新,组织,收购_反向,蔚来汽车,组织,2008.9,训练
上海市,地点,成立于_反向,哔哩哔哩,组织,2009.0,训练
京东,组织,投资_反向,大疆创新,组织,2009.0,训练
拼多多,组织,毕业于_反向,何雪,人员,2009.0,训练
哔哩哔哩,组织,成立于,上海市,地点,2009.0,训练
大疆创新,组织,投资,京东,组织,2009.0,训练
何雪,人员,毕业于,拼多多,组织,2009.0,训练
百度,组织,合作,蔚来汽车,组织,2009.0,训练
蔚来汽车,组织,合作,百度,组织,2009.0,训练
上海市,地点,位于_反向,哔哩哔哩,组织,2009.5,训练
哔哩哔哩,组织,位于,上海市,地点,2009.5,训练
哔哩哔哩,组织,收购,商汤科技,组织,2009.6,训练
商汤科技,组织,收购_反向,哔哩哔哩,组织,2009.6,训练
小鹏汽车,组织,投资,商汤科技,组织,2009.8,训练
商汤科技,组织,投资_反向,小鹏汽车,组织,2009.8,训练
张伟,人员,接任_反向,冯刚,人员,2009.8,训练
冯刚,人员,接任,张伟,人员,2009.8,训练
北京市,地点,成立于_反向,美团,组织,2010.0,训练
北京市,地点,成立于_反向,小米集团,组织,2010.0,训练
首席科学家,职位,担任职位_反向,郑浩,人员,2010.0,训练
美团,组织,成立于,北京市,地点,2010.0,训练
小米集团,组织,任职于_反向,郑浩,人员,2010.0,训练
小米集团,组织,成立于,北京市,地点,2010.0,训练
清华大学,组织,毕业于_反向,郑浩,人员,2010.0,训练
清华大学,组织,毕业于_反向,林涛,人员,2010.0,训练
郑浩,人员,任职于,小米集团,组织,2010.0,训练
郑浩,人员,担任职位,首席科学家,职位,2010.0,训练
郑浩,人员,毕业于,清华大学,组织,2010.0,训练
林涛,人员,毕业于,清华大学,组织,2010.0,训练
滴滴出行,组织,收购_反向,哔哩哔哩,组织,2010.1,训练
哔哩哔哩,组织,收购,滴滴出行,组织,2010.1,训练
哔哩哔哩,组织,投资_反向,理想汽车,组织,2010.2,训练
理想汽车,组织,投资,哔哩哔哩,组织,2010.2,训练
北京市,地点,位于_反向,美团,组织,2010.5,训练
北京市,地点,位于_反向,小米集团,组织,2010.5,训练
美团,组织,位于,北京市,地点,2010.5,训练
小米集团,组织,位于,北京市,地点,2010.5,训练
美团,组织,投资,小鹏汽车,组织,2010.8,训练
小鹏汽车,组织,投资_反向,美团,组织,2010.8,训练
哔哩哔哩,组织,合作,理想汽车,组织,2010.8,训练
理想汽车,组织,合作,哔哩哔哩,组织,2010.8,训练
京东,组织,收购,清华大学,组织,2010.8,训练
清华大学,组织,收购_反向,京东,组织,2010.8,训练
许峰,人员,接任,韩梅,人员,2010.9,训练
韩梅,人员,接任_反向,许峰,人员,2010.9,训练
北京市,地点,成立于_反向,快手,组织,2011.0,训练
首席执行官,职位,担任职位_反向,周杰,人员,2011.0,训练
首席执行官,职位,担任职位_反向,吴敏,人员,2011.0,训练
技术总监,职位,担任职位_反向,张伟,人员,2011.0,训练
京东,组织,任职于_反向,周杰,人员,2011.0,训练
华为,组织,毕业于_反向,张伟,人员,2011.0,训练
快手,组织,任职于_反向,吴敏,人员,2011.0,训练
快手,组织,成立于,北京市,地点,2011.0,训练
哔哩哔哩,组织,任职于_反向,张伟,人员,2011.0,训练
清华大学,组织,毕业于_反向,周杰,人员,2011.0,训练
张伟,人员,任职于,哔哩哔哩,组织,2011.0,训练
张伟,人员,担任职位,技术总监,职位,2011.0,训练
张伟,人员,毕业于,华为,组织,2011.0,训练
周杰,人员,任职于,京东,组织,2011.0,训练
周杰,人员,担任职位,首席执行官,职位,2011.0,训练
周杰,人员,毕业于,清华大学,组织,2011.0,训练
吴敏,人员,任职于,快手,组织,2011.0,训练
吴敏,人员,担任职位,首席执行官,职位,2011.0,训练
百度,组织,投资,小鹏汽车,组织,2011.2,训练
小鹏汽车,组织,投资_反向,百度,组织,2011.2,训练
字节跳动,组织,收购,滴滴出行,组织,2011.3,训练
滴滴出行,组织,收购_反向,字节跳动,组织,2011.3,训练
网易,组织,收购,小鹏汽车,组织,2011.3,训练
小鹏汽车,组织,收购_反向,网易,组织,2011.3,训练
北京市,地点,位于_反向,快手,组织,2011.5,训练
京东,组织,投资_反向,网易,组织,2011.5,训练
网易,组织,投资,京东,组织,2011.5,训练
快手,组织,位于,北京市,地点,2011.5,训练
华为,组织,合作,滴滴出行,组织,2011.5,训练
滴滴出行,组织,合作,华为,组织,2011.5,训练
美团,组织,收购_反向,小鹏汽车,组织,2011.6,训练
小鹏汽车,组织,收购,美团,组织,2011.6,训练
京东,组织,合作,携程旅行,组织,2011.7,训练
携程旅行,组织,合作,京东,组织,2011.7,训练
北京市,地点,成立于_反向,字节跳动,组织,2012.0,训练
北京市,地点,成立于_反向,滴滴出行,组织,2012.0,训练
产品副总裁,职位,担任职位_反向,林涛,人员,2012.0,训练
字节跳动,组织,成立于,北京市,地点,2012.0,训练
网易,组织,投资,快手,组织,2012.0,训练
滴滴出行,组织,任职于_反向,林涛,人员,2012.0,训练
滴滴出行,组织,成立于,北京市,地点,2012.0,训练
快手,组织,投资_反向,网易,组织,2012.0,训练
林涛,人员,任职于,滴滴出行,组织,2012.0,训练
林涛,人员,担任职位,产品副总裁,职位,2012.0,训练
美团,组织,合作,哔哩哔哩,组织,2012.3,训练
哔哩哔哩,组织,合作,美团,组织,2012.3,训练
京东,组织,合作,哔哩哔哩,组织,2012.4,训练
哔哩哔哩,组织,合作,京东,组织,2012.4,训练
北京市,地点,位于_反向,字节跳动,组织,2012.5,训练
北京市,地点,位于_反向,滴滴出行,组织,2012.5,训练
字节跳动,组织,位于,北京市,地点,2012.5,训练
滴滴出行,组织,位于,北京市,地点,2012.5,训练
小米集团,组织,合作,快手,组织,2012.7,训练
快手,组织,合作,小米集团,组织,2012.7,训练
首席技术官,职位,担任职位_反向,梁军,人员,2013.0,训练
字节跳动,组织,任职于_反向,梁军,人员,2013.0,训练
快手,组织,投资_反向,理想汽车,组织,2013.0,训练
理想汽车,组织,投资,快手,组织,2013.0,训练
梁军,人员,任职于,字节跳动,组织,2013.0,训练
梁军,人员,担任职位,首席技术官,职位,2013.0,训练
小米集团,组织,合作,网易,组织,2013.3,训练
网易,组织,合作,小米集团,组织,2013.3,训练
阿里巴巴,组织,投资_反向,小鹏汽车,组织,2013.5,训练
小鹏汽车,组织,投资,阿里巴巴,组织,2013.5,训练
腾讯科技,组织,收购_反向,滴滴出行,组织,2013.7,训练
滴滴出行,组织,收购,腾讯科技,组织,2013.7,训练
林涛,人员,接任_反向,董洁,人员,2013.8,训练
董洁,人员,接任,林涛,人员,2013.8,训练
上海市,地点,成立于_反向,蔚来汽车,组织,2014.0,训练
上海市,地点,成立于_反向,商汤科技,组织,2014.0,训练
广州市,地点,成立于_反向,小鹏汽车,组织,2014.0,训练
首席技术官,职位,担任职位_反向,赵静,人员,2014.0,训练
技术总监,职位,担任职位_反向,王芳,人员,2014.0,训练
技术总监,职位,担任职位_反向,马超,人员,2014.0,训练
腾讯科技,组织,投资_反向,滴滴出行,组织,2014.0,训练
百度,组织,投资_反向,快手,组织,2014.0,训练
华为,组织,任职于_反向,王芳,人员,2014.0,训练
滴滴出行,组织,投资,腾讯科技,组织,2014.0,训练
快手,组织,投资,百度,组织,2014.0,训练
蔚来汽车,组织,成立于,上海市,地点,2014.0,训练
小鹏汽车,组织,任职于_反向,赵静,人员,2014.0,训练
小鹏汽车,组织,成立于,广州市,地点,2014.0,训练
商汤科技,组织,任职于_反向,马超,人员,2014.0,训练
商汤科技,组织,投资_反向,清华大学,组织,2014.0,训练
商汤科技,组织,成立于,上海市,地点,2014.0,训练
清华大学,组织,投资,商汤科技,组织,2014.0,训练
清华大学,组织,毕业于_反向,王芳,人员,2014.0,训练
王芳,人员,任职于,华为,组织,2014.0,训练
王芳,人员,担任职位,技术总监,职位,2014.0,训练
王芳,人员,毕业于,清华大学,组织,2014.0,训练
赵静,人员,任职于,小鹏汽车,组织,2014.0,训练
赵静,人员,担任职位,首席技术官,职位,2014.0,训练
马超,人员,任职于,商汤科技,组织,2014.0,训练
马超,人员,担任职位,技术总监,职位,2014.0,训练
张伟,人员,接任_反向,马超,人员,2014.1,训练
马超,人员,接任,张伟,人员,2014.1,训练
大疆创新,组织,合作,清华大学,组织,2014.3,训练
清华大学,组织,合作,大疆创新,组织,2014.3,训练
上海市,地点,位于_反向,蔚来汽车,组织,2014.5,训练
上海市,地点,位于_反向,商汤科技,组织,2014.5,训练
广州市,地点,位于_反向,小鹏汽车,组织,2014.5,训练
蔚来汽车,组织,位于,上海市,地点,2014.5,训练
小鹏汽车,组织,位于,广州市,地点,2014.5,训练
商汤科技,组织,位于,上海市,地点,2014.5,训练
郑浩,人员,接任,邓超,人员,2014.6,训练
邓超,人员,接任_反向,郑浩,人员,2014.6,训练
携程旅行,组织,合作,商汤科技,组织,2014.6,训练
商汤科技,组织,合作,携程旅行,组织,2014.6,训练
理想汽车,组织,合作,商汤科技,组织,2014.8,训练
商汤科技,组织,合作,理想汽车,组织,2014.8,训练
北京市,地点,成立于_反向,理想汽车,组织,2015.0,训练
上海市,地点,成立于_反向,拼多多,组织,2015.0,训练
首席执行官,职位,担任职位_反向,何雪,人员,2015.0,训练
首席技术官,职位,担任职位_反向,罗琳,人员,2015.0,训练
美团,组织,投资,网易,组织,2015.0,训练
拼多多,组织,任职于_反向,何雪,人员,2015.0,训练
拼多多,组织,成立于,上海市,地点,2015.0,训练
华为,组织,任职于_反向,罗琳,人员,2015.0,训练
网易,组织,投资_反向,美团,组织,2015.0,训练
理想汽车,组织,成立于,北京市,地点,2015.0,训练
清华大学,组织,毕业于_反向,罗琳,人员,2015.0,训练
何雪,人员,任职于,拼多多,组织,2015.0,训练
何雪,人员,担任职位,首席执行官,职位,2015.0,训练
罗琳,人员,任职于,华为,组织,2015.0,训练
罗琳,人员,担任职位,首席技术官,职位,2015.0,训练
罗琳,人员,毕业于,清华大学,组织,2015.0,训练
拼多多,组织,收购,清华大学,组织,2015.0,训练
清华大学,组织,收购_反向,拼多多,组织,2015.0,训练
拼多多,组织,投资,清华大学,组织,2015.2,训练
清华大学,组织,投资_反向,拼多多,组织,2015.2,训练
滴滴出行,组织,合作,小鹏汽车,组织,2015.3,训练
小鹏汽车,组织,合作,滴滴出行,组织,2015.3,训练
北京市,地点,位于_反向,理想汽车,组织,2015.5,训练
上海市,地点,位于_反向,拼多多,组织,2015.5,训练
字节跳动,组织,投资,网易,组织,2015.5,训练
拼多多,组织,位于,上海市,地点,2015.5,训练
网易,组织,投资_反向,字节跳动,组织,2015.5,训练
理想汽车,组织,位于,北京市,地点,2015.5,训练
京东,组织,合作,小鹏汽车,组织,2015.7,训练
小鹏汽车,组织,合作,京东,组织,2015.7,训练
拼多多,组织,合作,理想汽车,组织,2015.7,训练
理想汽车,组织,合作,拼多多,组织,2015.7,训练
首席技术官,职位,担任职位_反向,唐杰,人员,2016.0,训练
蔚来汽车,组织,任职于_反向,唐杰,人员,2016.0,训练
理想汽车,组织,毕业于_反向,唐杰,人员,2016.0,训练
唐杰,人员,任职于,蔚来汽车,组织,2016.0,训练
唐杰,人员,担任职位,首席技术官,职位,2016.0,训练
唐杰,人员,毕业于,理想汽车,组织,2016.0,训练
字节跳动,组织,合作,蔚来汽车,组织,2016.1,训练
蔚来汽车,组织,合作,字节跳动,组织,2016.1,训练
字节跳动,组织,收购_反向,滴滴出行,组织,2016.1,训练
滴滴出行,组织,收购,字节跳动,组织,2016.1,训练
腾讯科技,组织,收购_反向,京东,组织,2016.1,训练
京东,组织,收购,腾讯科技,组织,2016.1,训练
字节跳动,组织,合作,快手,组织,2016.4,训练
快手,组织,合作,字节跳动,组织,2016.4,训练
字节跳动,组织,投资_反向,小米集团,组织,2016.8,训练
小米集团,组织,投资,字节跳动,组织,2016.8,训练
阿里巴巴,组织,合作,美团,组织,2016.8,训练
美团,组织,合作,阿里巴巴,组织,2016.8,训练
百度,组织,合作,小鹏汽车,组织,2016.9,训练
小鹏汽车,组织,合作,百度,组织,2016.9,训练
百度,组织,收购_反向,蔚来汽车,组织,2017.0,训练
蔚来汽车,组织,收购,百度,组织,2017.0,训练
首席技术官,职位,担任职位_反向,黄丽,人员,2017.0,训练
技术总监,职位,担任职位_反向,唐杰,人员,2017.0,训练
产品副总裁,职位,担任职位_反向,周杰,人员,2017.0,训练
阿里巴巴,组织,任职于_反向,唐杰,人员,2017.0,训练
携程旅行,组织,任职于_反向,周杰,人员,2017.0,训练
商汤科技,组织,任职于_反向,黄丽,人员,2017.0,训练
清华大学,组织,毕业于_反向,黄丽,人员,2017.0,训练
周杰,人员,任职于,携程旅行,组织,2017.0,训练
周杰,人员,担任职位,产品副总裁,职位,2017.0,训练
黄丽,人员,任职于,商汤科技,组织,2017.0,训练
黄丽,人员,担任职位,首席技术官,职位,2017.0,训练
黄丽,人员,毕业于,清华大学,组织,2017.0,训练
唐杰,人员,任职于,阿里巴巴,组织,2017.0,训练
唐杰,人员,担任职位,技术总监,职位,2017.0,训练
字节跳动,组织,合作,商汤科技,组织,2017.3,训练
商汤科技,组织,合作,字节跳动,组织,2017.3,训练
小米集团,组织,投资,网易,组织,2017.8,训练
网易,组织,投资_反向,小米集团,组织,2017.8,训练
华为,组织,合作,理想汽车,组织,2017.8,训练
理想汽车,组织,合作,华为,组织,2017.8,训练
首席执行官,职位,担任职位_反向,李明,人员,2018.0,训练
首席执行官,职位,担任职位_反向,刘洋,人员,2018.0,训练
腾讯科技,组织,投资_反向,小鹏汽车,组织,2018.0,训练
华为,组织,任职于_反向,李明,人员,2018.0,训练
小米集团,组织,投资,商汤科技,组织,2018.0,训练
蔚来汽车,组织,任职于_反向,刘洋,人员,2018.0,训练
小鹏汽车,组织,投资,腾讯科技,组织,2018.0,训练
商汤科技,组织,投资_反向,小米集团,组织,2018.0,训练
李明,人员,任职于,华为,组织,2018.0,训练
李明,人员,担任职位,首席执行官,职位,2018.0,训练
刘洋,人员,任职于,蔚来汽车,组织,2018.0,训练
刘洋,人员,担任职位,首席执行官,职位,2018.0,训练
张伟,人员,接任,宋佳,人员,2018.0,训练
宋佳,人员,接任_反向,张伟,人员,2018.0,训练
小鹏汽车,组织,合作,清华大学,组织,2018.1,训练
清华大学,组织,合作,小鹏汽车,组织,2018.1,训练
阿里巴巴,组织,合作,蔚来汽车,组织,2018.2,训练
蔚来汽车,组织,合作,阿里巴巴,组织,2018.2,训练
字节跳动,组织,收购,美团,组织,2018.2,训练
美团,组织,收购_反向,字节跳动,组织,2018.2,训练
腾讯科技,组织,收购,理想汽车,组织,2018.2,训练
理想汽车,组织,收购_反向,腾讯科技,组织,2018.2,训练
字节跳动,组织,收购_反向,拼多多,组织,2018.4,训练
拼多多,组织,收购,字节跳动,组织,2018.4,训练
华为,组织,合作,小米集团,组织,2018.7,训练
小米集团,组织,合作,华为,组织,2018.7,训练
林涛,人员,接任,罗琳,人员,2018.7,训练
罗琳,人员,接任_反向,林涛,人员,2018.7,训练
美团,组织,收购,滴滴出行,组织,2018.9,训练
滴滴出行,组织,收购_反向,美团,组织,2018.9,训练
首席技术官,职位,担任职位_反向,吴敏,人员,2019.0,训练
技术总监,职位,担任职位_反向,王芳,人员,2019.0,训练
产品副总裁,职位,担任职位_反向,许峰,人员,2019.0,训练
腾讯科技,组织,任职于_反向,王芳,人员,2019.0,训练
腾讯科技,组织,投资_反向,滴滴出行,组织,2019.0,训练
京东,组织,任职于_反向,许峰,人员,2019.0,训练
滴滴出行,组织,投资,腾讯科技,组织,2019.0,训练
小鹏汽车,组织,任职于_反向,吴敏,人员,2019.0,训练
清华大学,组织,毕业于_反向,许峰,人员,2019.0,训练
王芳,人员,任职于,腾讯科技,组织,2019.0,训练
王芳,人员,担任职位,技术总监,职位,2019.0,训练
吴敏,人员,任职于,小鹏汽车,组织,2019.0,训练
吴敏,人员,担任职位,首席技术官,职位,2019.0,训练
许峰,人员,任职于,京东,组织,2019.0,训练
许峰,人员,担任职位,产品副总裁,职位,2019.0,训练
许峰,人员,毕业于,清华大学,组织,2019.0,训练
字节跳动,组织,投资_反向,蔚来汽车,组织,2019.2,训练
蔚来汽车,组织,投资,字节跳动,组织,2019.2,训练
阿里巴巴,组织,合作,哔哩哔哩,组织,2019.5,训练
哔哩哔哩,组织,合作,阿里巴巴,组织,2019.5,训练
百度,组织,投资,商汤科技,组织,2019.8,训练
商汤科技,组织,投资_反向,百度,组织,2019.8,训练
百度,组织,收购,大疆创新,组织,2020.0,训练
大疆创新,组织,收购_反向,百度,组织,2020.0,训练
首席执行官,职位,担任职位_反向,陈磊,人员,2020.0,训练
首席技术官,职位,担任职位_反向,宋佳,人员,2020.0,训练
产品副总裁,职位,担任职位_反向,王芳,人员,2020.0,训练
产品副总裁,职位,担任职位_反向,孙强,人员,2020.0,训练
华为,组织,任职于_反向,陈磊,人员,2020.0,训练
网易,组织,任职于_反向,宋佳,人员,2020.0,训练
网易,组织,毕业于_反向,宋佳,人员,2020.0,训练
理想汽车,组织,任职于_反向,王芳,人员,2020.0,训练
理想汽车,组织,任职于_反向,孙强,人员,2020.0,训练
清华大学,组织,毕业于_反向,陈磊,人员,2020.0,训练
王芳,人员,任职于,理想汽车,组织,2020.0,训练
王芳,人员,担任职位,产品副总裁,职位,2020.0,训练
陈磊,人员,任职于,华为,组织,2020.0,训练
陈磊,人员,担任职位,首席执行官,职位,2020.0,训练
陈磊,人员,毕业于,清华大学,组织,2020.0,训练
孙强,人员,任职于,理想汽车,组织,2020.0,训练
孙强,人员,担任职位,产品副总裁,职位,2020.0,训练
宋佳,人员,任职于,网易,组织,2020.0,训练
宋佳,人员,担任职位,首席技术官,职位,2020.0,训练
宋佳,人员,毕业于,网易,组织,2020.0,训练
蔚来汽车,组织,合作,大疆创新,组织,2020.3,测试
大疆创新,组织,合作,蔚来汽车,组织,2020.3,测试
滴滴出行,组织,合作,携程旅行,组织,2020.3,测试
携程旅行,组织,合作,滴滴出行,组织,2020.3,测试
小米集团,组织,合作,蔚来汽车,组织,2020.5,测试
蔚来汽车,组织,合作,小米集团,组织,2020.5,测试
陈磊,人员,接任_反向,林涛,人员,2020.5,测试
林涛,人员,接任,陈磊,人员,2020.5,测试
美团,组织,收购,拼多多,组织,2020.5,测试
拼多多,组织,收购_反向,美团,组织,2020.5,测试
拼多多,组织,合作,小鹏汽车,组织,2020.6,测试
小鹏汽车,组织,合作,拼多多,组织,2020.6,测试
蔚来汽车,组织,投资,大疆创新,组织,2020.8,测试
大疆创新,组织,投资_反向,蔚来汽车,组织,2020.8,测试
小米集团,组织,合作,理想汽车,组织,2020.9,测试
理想汽车,组织,合作,小米集团,组织,2020.9,测试
首席执行官,职位,担任职位_反向,冯刚,人员,2021.0,测试
首席技术官,职位,担任职位_反向,曹颖,人员,2021.0,测试
技术总监,职位,担任职位_反向,周杰,人员,2021.0,测试
技术总监,职位,担任职位_反向,许峰,人员,2021.0,测试
产品副总裁,职位,担任职位_反向,韩梅,人员,2021.0,测试
阿里巴巴,组织,任职于_反向,韩梅,人员,2021.0,测试
阿里巴巴,组织,投资,蔚来汽车,组织,2021.0,测试
字节跳动,组织,投资,哔哩哔哩,组织,2021.0,测试
小米集团,组织,任职于_反向,曹颖,人员,2021.0,测试
快手,组织,毕业于_反向,韩梅,人员,2021.0,测试
哔哩哔哩,组织,投资_反向,字节跳动,组织,2021.0,测试
携程旅行,组织,任职于_反向,冯刚,人员,2021.0,测试
蔚来汽车,组织,投资_反向,阿里巴巴,组织,2021.0,测试
小鹏汽车,组织,任职于_反向,许峰,人员,2021.0,测试
大疆创新,组织,任职于_反向,周杰,人员,2021.0,测试
清华大学,组织,毕业于_反向,冯刚,人员,2021.0,测试
清华大学,组织,毕业于_反向,曹颖,人员,2021.0,测试
周杰,人员,任职于,大疆创新,组织,2021.0,测试
周杰,人员,担任职位,技术总监,职位,2021.0,测试
许峰,人员,任职于,小鹏汽车,组织,2021.0,测试
许峰,人员,担任职位,技术总监,职位,2021.0,测试
韩梅,人员,任职于,阿里巴巴,组织,2021.0,测试
韩梅,人员,担任职位,产品副总裁,职位,2021.0,测试
韩梅,人员,毕业于,快手,组织,2021.0,测试
冯刚,人员,任职于,携程旅行,组织,2021.0,测试
冯刚,人员,担任职位,首席执行官,职位,2021.0,测试
冯刚,人员,毕业于,清华大学,组织,2021.0,测试
曹颖,人员,任职于,小米集团,组织,2021.0,测试
曹颖,人员,担任职位,首席技术官,职位,2021.0,测试
曹颖,人员,毕业于,清华大学,组织,2021.0,测试
滴滴出行,组织,投资,携程旅行,组织,2021.2,测试
携程旅行,组织,投资_反向,滴滴出行,组织,2021.2,测试
华为,组织,收购_反向,滴滴出行,组织,2021.6,测试
滴滴出行,组织,收购,华为,组织,2021.6,测试
周杰,人员,接任_反向,唐杰,人员,2021.7,测试
唐杰,人员,接任,周杰,人员,2021.7,测试
首席执行官,职位,担任职位_反向,陈磊,人员,2022.0,测试
首席执行官,职位,担任职位_反向,董洁,人员,2022.0,测试
首席技术官,职位,担任职位_反向,孙强,人员,2022.0,测试
首席技术官,职位,担任职位_反向,郑浩,人员,2022.0,测试
技术总监,职位,担任职位_反向,张伟,人员,2022.0,测试
产品副总裁,职位,担任职位_反向,冯刚,人员,2022.0,测试
腾讯科技,组织,任职于_反向,郑浩,人员,2022.0,测试
字节跳动,组织,投资_反向,清华大学,组织,2022.0,测试
滴滴出行,组织,任职于_反向,张伟,人员,2022.0,测试
滴滴出行,组织,投资_反向,商汤科技,组织,2022.0,测试
快手,组织,任职于_反向,冯刚,人员,2022.0,测试
携程旅行,组织,任职于_反向,孙强,人员,2022.0,测试
小鹏汽车,组织,任职于_反向,陈磊,人员,2022.0,测试
商汤科技,组织,任职于_反向,董洁,人员,2022.0,测试
商汤科技,组织,投资,滴滴出行,组织,2022.0,测试
清华大学,组织,投资,字节跳动,组织,2022.0,测试
清华大学,组织,毕业于_反向,董洁,人员,2022.0,测试
张伟,人员,任职于,滴滴出行,组织,2022.0,测试
张伟,人员,担任职位,技术总监,职位,2022.0,测试
陈磊,人员,任职于,小鹏汽车,组织,2022.0,测试
陈磊,人员,担任职位,首席执行官,职位,2022.0,测试
孙强,人员,任职于,携程旅行,组织,2022.0,测试
孙强,人员,担任职位,首席技术官,职位,2022.0,测试
郑浩,人员,任职于,腾讯科技,组织,2022.0,测试
郑浩,人员,担任职位,首席技术官,职位,2022.0,测试
冯刚,人员,任职于,快手,组织,2022.0,测试
冯刚,人员,担任职位,产品副总裁,职位,2022.0,测试
董洁,人员,任职于,商汤科技,组织,2022.0,测试
董洁,人员,担任职位,首席执行官,职位,2022.0,测试
董洁,人员,毕业于,清华大学,组织,2022.0,测试
王芳,人员,接任_反向,黄丽,人员,2022.0,测试
黄丽,人员,接任,王芳,人员,2022.0,测试
快手,组织,合作,携程旅行,组织,2022.2,测试
携程旅行,组织,合作,快手,组织,2022.2,测试
郑浩,人员,接任,董洁,人员,2022.6,测试
董洁,人员,接任_反向,郑浩,人员,2022.6,测试
小鹏汽车,组织,收购,大疆创新,组织,2022.9,测试
大疆创新,组织,收购_反向,小鹏汽车,组织,2022.9,测试
华为,组织,收购,小鹏汽车,组织,2022.9,测试
小鹏汽车,组织,收购_反向,华为,组织,2022.9,测试
王芳,人员,接任_反向,梁军,人员,2022.9,测试
梁军,人员,接任,王芳,人员,2022.9,测试
首席执行官,职位,担任职位_反向,张伟,人员,2023.0,测试
首席执行官,职位,担任职位_反向,韩梅,人员,2023.0,测试
首席执行官,职位,担任职位_反向,彭勇,人员,2023.0,测试
首席技术官,职位,担任职位_反向,赵静,人员,2023.0,测试
首席技术官,职位,担任职位_反向,吴敏,人员,2023.0,测试
首席技术官,职位,担任职位_反向,曹颖,人员,2023.0,测试
技术总监,职位,担任职位_反向,许峰,人员,2023.0,测试
技术总监,职位,担任职位_反向,邓超,人员,2023.0,测试
产品副总裁,职位,担任职位_反向,陈磊,人员,2023.0,测试
腾讯科技,组织,任职于_反向,吴敏,人员,2023.0,测试
字节跳动,组织,任职于_反向,陈磊,人员,2023.0,测试
百度,组织,任职于_反向,许峰,人员,2023.0,测试
京东,组织,任职于_反向,张伟,人员,2023.0,测试
美团,组织,任职于_反向,赵静,人员,2023.0,测试
网易,组织,毕业于_反向,邓超,人员,2023.0,测试
哔哩哔哩,组织,任职于_反向,曹颖,人员,2023.0,测试
携程旅行,组织,任职于_反向,邓超,人员,2023.0,测试
理想汽车,组织,任职于_反向,韩梅,人员,2023.0,测试
理想汽车,组织,任职于_反向,彭勇,人员,2023.0,测试
清华大学,组织,毕业于_反向,彭勇,人员,2023.0,测试
张伟,人员,任职于,京东,组织,2023.0,测试
张伟,人员,担任职位,首席执行官,职位,2023.0,测试
陈磊,人员,任职于,字节跳动,组织,2023.0,测试
陈磊,人员,担任职位,产品副总裁,职位,2023.0,测试
赵静,人员,任职于,美团,组织,2023.0,测试
赵静,人员,担任职位,首席技术官,职位,2023.0,测试
吴敏,人员,任职于,腾讯科技,组织,2023.0,测试
吴敏,人员,担任职位,首席技术官,职位,2023.0,测试
许峰,人员,任职于,百度,组织,2023.0,测试
许峰,人员,担任职位,技术总监,职位,2023.0,测试
邓超,人员,任职于,携程旅行,组织,2023.0,测试
邓超,人员,担任职位,技术总监,职位,2023.0,测试
邓超,人员,毕业于,网易,组织,2023.0,测试
韩梅,人员,任职于,理想汽车,组织,2023.0,测试
韩梅,人员,担任职位,首席执行官,职位,2023.0,测试
曹颖,人员,任职于,哔哩哔哩,组织,2023.0,测试
曹颖,人员,担任职位,首席技术官,职位,2023.0,测试
彭勇,人员,任职于,理想汽车,组织,2023.0,测试
彭勇,人员,担任职位,首席执行官,职位,2023.0,测试
彭勇,人员,毕业于,清华大学,组织,2023.0,测试
字节跳动,组织,投资,华为,组织,2023.2,测试
华为,组织,投资_反向,字节跳动,组织,2023.2,测试
快手,组织,投资_反向,哔哩哔哩,组织,2023.2,测试
哔哩哔哩,组织,投资,快手,组织,2023.2,测试
张伟,人员,接任,周杰,人员,2023.4,测试
周杰,人员,接任_反向,张伟,人员,2023.4,测试
京东,组织,合作,快手,组织,2023.6,测试
快手,组织,合作,京东,组织,2023.6,测试
阿里巴巴,组织,合作,快手,组织,2023.7,测试
快手,组织,合作,阿里巴巴,组织,2023.7,测试
字节跳动,组织,合作,清华大学,组织,2023.7,测试
清华大学,组织,合作,字节跳动,组织,2023.7,测试
美团,组织,收购_反向,华为,组织,2023.7,测试
华为,组织,收购,美团,组织,2023.7,测试
字节跳动,组织,投资_反向,商汤科技,组织,2023.8,测试
哔哩哔哩,组织,投资_反向,理想汽车,组织,2023.8,测试
理想汽车,组织,投资,哔哩哔哩,组织,2023.8,测试
商汤科技,组织,投资,字节跳动,组织,2023.8,测试
京东,组织,合作,美团,组织,2024.0,测试
美团,组织,合作,京东,组织,2024.0,测试
首席执行官,职位,担任职位_反向,曹颖,人员,2024.0,测试
首席技术官,职位,担任职位_反向,王芳,人员,2024.0,测试
首席技术官,职位,担任职位_反向,陈磊,人员,2024.0,测试
首席技术官,职位,担任职位_反向,宋佳,人员,2024.0,测试
首席技术官,职位,担任职位_反向,彭勇,人员,2024.0,测试
技术总监,职位,担任职位_反向,孙强,人员,2024.0,测试
技术总监,职位,担任职位_反向,林涛,人员,2024.0,测试
技术总监,职位,担任职位_反向,马超,人员,2024.0,测试
技术总监,职位,担任职位_反向,韩梅,人员,2024.0,测试
技术总监,职位,担任职位_反向,董洁,人员,2024.0,测试
产品副总裁,职位,担任职位_反向,赵静,人员,2024.0,测试
产品副总裁,职位,担任职位_反向,邓超,人员,2024.0,测试
首席科学家,职位,担任职位_反向,张伟,人员,2024.0,测试
首席科学家,职位,担任职位_反向,李明,人员,2024.0,测试
腾讯科技,组织,任职于_反向,曹颖,人员,2024.0,测试
阿里巴巴,组织,任职于_反向,彭勇,人员,2024.0,测试
字节跳动,组织,任职于_反向,马超,人员,2024.0,测试
百度,组织,任职于_反向,韩梅,人员,2024.0,测试
美团,组织,任职于_反向,邓超,人员,2024.0,测试
网易,组织,任职于_反向,李明,人员,2024.0,测试
滴滴出行,组织,任职于_反向,陈磊,人员,2024.0,测试
滴滴出行,组织,任职于_反向,孙强,人员,2024.0,测试
滴滴出行,组织,任职于_反向,董洁,人员,2024.0,测试
快手,组织,任职于_反向,张伟,人员,2024.0,测试
携程旅行,组织,任职于_反向,赵静,人员,2024.0,测试
携程旅行,组织,任职于_反向,林涛,人员,2024.0,测试
蔚来汽车,组织,任职于_反向,王芳,人员,2024.0,测试
清华大学,组织,任职于_反向,宋佳,人员,2024.0,测试
张伟,人员,任职于,快手,组织,2024.0,测试
张伟,人员,担任职位,首席科学家,职位,2024.0,测试
李明,人员,任职于,网易,组织,2024.0,测试
李明,人员,担任职位,首席科学家,职位,2024.0,测试
王芳,人员,任职于,蔚来汽车,组织,2024.0,测试
王芳,人员,担任职位,首席技术官,职位,2024.0,测试
陈磊,人员,任职于,滴滴出行,组织,2024.0,测试
陈磊,人员,担任职位,首席技术官,职位,2024.0,测试
赵静,人员,任职于,携程旅行,组织,2024.0,测试
赵静,人员,担任职位,产品副总裁,职位,2024.0,测试
孙强,人员,任职于,滴滴出行,组织,2024.0,测试
孙强,人员,担任职位,技术总监,职位,2024.0,测试
林涛,人员,任职于,携程旅行,组织,2024.0,测试
林涛,人员,担任职位,技术总监,职位,2024.0,测试
马超,人员,任职于,字节跳动,组织,2024.0,测试
马超,人员,担任职位,技术总监,职位,2024.0,测试
宋佳,人员,任职于,清华大学,组织,2024.0,测试
宋佳,人员,担任职位,首席技术官,职位,2024.0,测试
邓超,人员,任职于,美团,组织,2024.0,测试
邓超,人员,担任职位,产品副总裁,职位,2024.0,测试
韩梅,人员,任职于,百度,组织,2024.0,测试
韩梅,人员,担任职位,技术总监,职位,2024.0,测试
曹颖,人员,任职于,腾讯科技,组织,2024.0,测试
曹颖,人员,担任职位,首席执行官,职位,2024.0,测试
彭勇,人员,任职于,阿里巴巴,组织,2024.0,测试
彭勇,人员,担任职位,首席技术官,职位,2024.0,测试
董洁,人员,任职于,滴滴出行,组织,2024.0,测试
董洁,人员,担任职位,技术总监,职位,2024.0,测试
张伟,人员,接任,唐杰,人员,2024.0,测试
唐杰,人员,接任_反向,张伟,人员,2024.0,测试
字节跳动,组织,合作,蔚来汽车,组织,2024.2,测试
蔚来汽车,组织,合作,字节跳动,组织,2024.2,测试
阿里巴巴,组织,投资,华为,组织,2024.2,测试
华为,组织,投资_反向,阿里巴巴,组织,2024.2,测试
京东,组织,投资_反向,美团,组织,2024.5,测试
美团,组织,投资,京东,组织,2024.5,测试
拼多多,组织,投资_反向,小鹏汽车,组织,2024.5,测试
小鹏汽车,组织,投资,拼多多,组织,2024.5,测试
陈磊,人员,接任,郑浩,人员,2024.7,测试
郑浩,人员,接任_反向,陈磊,人员,2024.7,测试
字节跳动,组织,投资,携程旅行,组织,2024.8,测试
携程旅行,组织,投资_反向,字节跳动,组织,2024.8,测试
李明,人员,接任,王芳,人员,2025.0,测试
王芳,人员,接任_反向,李明,人员,2025.0,测试
